phone,first_name,last_name,email,department
1,Gayelord,Heijnen,gheijnen0@prnewswire.com,Research and Development
2,Marylinda,Stickens,mstickens1@imgur.com,Training
3,Horacio,Josefson,hjosefson2@php.net,Services
4,Sherlock,Liptrod,sliptrod3@last.fm,Accounting
5,Trixy,Dudin,tdudin4@ucsd.edu,Business Development
6,Constancia,Sherrock,csherrock5@biglobe.ne.jp,Accounting
7,Jereme,Raffon,jraffon6@youku.com,Legal
8,Merl,Place,mplace7@typepad.com,Support
9,Waylon,Santi,wsanti8@ucla.edu,Research and Development
10,Arnie,Duchan,aduchan9@wsj.com,Support
11,Noreen,Clowney,nclowneya@51.la,Support
12,Cherise,Giannotti,cgiannottib@twitter.com,Services
13,Lura,Mahmood,lmahmoodc@europa.eu,Human Resources
14,Stephannie,Mensler,smenslerd@google.nl,Engineering
15,Eulalie,Aizik,eaizike@examiner.com,Accounting
16,Tilly,Fluck,tfluckf@ehow.com,Training
17,Nesta,Gear,ngearg@hatena.ne.jp,Support
18,Cassi,Jaycocks,cjaycocksh@sciencedaily.com,Engineering
19,Crawford,Merigeau,cmerigeaui@mediafire.com,Research and Development
20,Saudra,Shank,sshankj@multiply.com,Sales
21,Patricia,Stille,pstillek@lulu.com,Training
22,Deeann,Upsale,dupsalel@ftc.gov,Training
23,Norine,Earles,nearlesm@yellowbook.com,Engineering
24,Sandye,Gorce,sgorcen@reverbnation.com,Support
25,Derrick,Andresen,dandreseno@symantec.com,Product Management
26,Lowe,Calloway,lcallowayp@plala.or.jp,Research and Development
27,Caleb,Caldow,ccaldowq@facebook.com,Marketing
28,Skipp,Durrant,sdurrantr@princeton.edu,Services
29,Corliss,Matz,cmatzs@ebay.co.uk,Legal
30,Robbert,Huffy,rhuffyt@rakuten.co.jp,Legal
31,Merralee,Orknay,morknayu@hubpages.com,Sales
32,Aigneis,Borg,aborgv@linkedin.com,Product Management
33,Garland,Laffoley-Lane,glaffoleylanew@ftc.gov,Marketing
34,Thorstein,Di Pietro,tdipietrox@nydailynews.com,Legal
35,Aguste,Meys,ameysy@biglobe.ne.jp,Marketing
36,Rance,Goodrick,rgoodrickz@sina.com.cn,Engineering
37,Penni,Cuttler,pcuttler10@nature.com,Accounting
38,Ursulina,Nixon,unixon11@sogou.com,Services
39,Natalina,Kerwick,nkerwick12@whitehouse.gov,Legal
40,Gun,Coppenhall,gcoppenhall13@taobao.com,Research and Development
41,Angie,Winterburn,awinterburn14@eventbrite.com,Engineering
42,Alfonso,Faircley,afaircley15@histats.com,Services
43,Annabal,Drysdall,adrysdall16@japanpost.jp,Support
44,Georgi,Troctor,gtroctor17@google.co.uk,Legal
45,Jacqueline,Cresswell,jcresswell18@infoseek.co.jp,Accounting
46,Jase,Ferran,jferran19@nature.com,Training
47,Toby,Bidgod,tbidgod1a@usnews.com,Training
48,Herby,McGrail,hmcgrail1b@nhs.uk,Marketing
49,Burt,Yuryshev,byuryshev1c@privacy.gov.au,Research and Development
50,Donnie,Caplis,dcaplis1d@wordpress.com,Services
51,Free,Swayton,fswayton1e@themeforest.net,Product Management
52,Jocelyn,Quilleash,jquilleash1f@amazonaws.com,Product Management
53,Brucie,Garfoot,bgarfoot1g@dyndns.org,Accounting
54,Kendal,Di Bartolomeo,kdibartolomeo1h@amazonaws.com,Support
55,Chad,Goater,cgoater1i@mysql.com,Research and Development
56,Corly,Phipson,cphipson1j@blogger.com,Support
57,Debor,Urpeth,durpeth1k@g.co,Marketing
58,Anthony,Smallcombe,asmallcombe1l@nymag.com,Accounting
59,Berta,Sanders,bsanders1m@globo.com,Engineering
60,Gill,Trewhitt,gtrewhitt1n@1688.com,Services
61,Teresa,Saintsbury,tsaintsbury1o@netscape.com,Research and Development
62,Chevy,McCorry,cmccorry1p@ebay.com,Support
63,Chrysa,O'Noulane,conoulane1q@google.com.au,Accounting
64,Jami,Voyce,jvoyce1r@uiuc.edu,Research and Development
65,Heloise,Newborn,hnewborn1s@google.com.hk,Services
66,Ollie,Pascall,opascall1t@multiply.com,Research and Development
67,Emiline,Sawer,esawer1u@google.nl,Accounting
68,Sheffy,Durman,sdurman1v@skyrock.com,Marketing
69,Clarine,Doale,cdoale1w@51.la,Sales
70,Nerty,Tuting,ntuting1x@drupal.org,Research and Development
71,Isidoro,Conlaund,iconlaund1y@engadget.com,Business Development
72,Jsandye,Mabbott,jmabbott1z@bravesites.com,Sales
73,Granny,Arger,garger20@auda.org.au,Product Management
74,Carlita,Tynemouth,ctynemouth21@dropbox.com,Training
75,Tania,Priditt,tpriditt22@dot.gov,Product Management
76,Itch,Presser,ipresser23@eventbrite.com,Engineering
77,Malynda,Dufour,mdufour24@goo.gl,Business Development
78,Oby,Dable,odable25@redcross.org,Sales
79,Andras,Olyff,aolyff26@edublogs.org,Human Resources
80,Clarie,Terzo,cterzo27@elegantthemes.com,Support
81,Elvera,Coogan,ecoogan28@omniture.com,Human Resources
82,Luise,Osinin,losinin29@blog.com,Marketing
83,Tasia,Gowdridge,tgowdridge2a@whitehouse.gov,Engineering
84,Happy,Halso,hhalso2b@latimes.com,Training
85,Guglielmo,Welton,gwelton2c@noaa.gov,Research and Development
86,Jeffie,Tuhy,jtuhy2d@cpanel.net,Legal
87,Barrie,Mesant,bmesant2e@cbsnews.com,Product Management
88,Doreen,Beaver,dbeaver2f@constantcontact.com,Product Management
89,Rosalia,Folks,rfolks2g@google.it,Engineering
90,Delinda,Murtell,dmurtell2h@moonfruit.com,Sales
91,Giorgio,Khomin,gkhomin2i@mysql.com,Business Development
92,Nerta,Aldwick,naldwick2j@reference.com,Human Resources
93,Ramsay,Abernethy,rabernethy2k@fotki.com,Services
94,Jolee,Crackel,jcrackel2l@addthis.com,Accounting
95,Kenyon,Randales,krandales2m@sitemeter.com,Legal
96,Riccardo,Echallie,rechallie2n@discovery.com,Marketing
97,Selig,Hucks,shucks2o@baidu.com,Legal
98,Judi,Rennock,jrennock2p@youtube.com,Product Management
99,Gwenore,Fennelow,gfennelow2q@washingtonpost.com,Marketing
100,Riki,Rolfi,rrolfi2r@bloomberg.com,Training
101,Giraud,Shilstone,gshilstone2s@google.fr,Human Resources
102,Padraig,Enser,penser2t@opensource.org,Human Resources
103,Gwenneth,Cattle,gcattle2u@arstechnica.com,Support
104,Chaddie,Kelloch,ckelloch2v@51.la,Engineering
105,Ruttger,Earley,rearley2w@joomla.org,Marketing
106,Emmeline,Dunniom,edunniom2x@ed.gov,Services
107,Gusty,Fiddian,gfiddian2y@mediafire.com,Training
108,Kacy,Ovill,kovill2z@list-manage.com,Support
109,Fay,Christoffersen,fchristoffersen30@amazon.com,Business Development
110,Bobby,Khristyukhin,bkhristyukhin31@photobucket.com,Research and Development
111,Viola,Gwilliams,vgwilliams32@sogou.com,Product Management
112,Dilan,Lammerich,dlammerich33@geocities.jp,Training
113,Kinnie,Jeandel,kjeandel34@g.co,Product Management
114,Grier,Sollowaye,gsollowaye35@flavors.me,Accounting
115,Gearalt,Postance,gpostance36@bloglines.com,Services
116,Perice,Bush,pbush37@php.net,Support
117,Beltran,Schwandt,bschwandt38@hhs.gov,Training
118,Ursulina,Burrass,uburrass39@soup.io,Accounting
119,Mignonne,Linney,mlinney3a@dailymail.co.uk,Training
120,Whit,Rendall,wrendall3b@g.co,Training
121,Charlotta,Salatino,csalatino3c@de.vu,Business Development
122,Eustace,Radclyffe,eradclyffe3d@ycombinator.com,Marketing
123,Syman,Moreby,smoreby3e@twitter.com,Support
124,Ingaberg,Gentil,igentil3f@fotki.com,Business Development
125,Rafi,MacTrustie,rmactrustie3g@rakuten.co.jp,Marketing
126,Gerhardt,Leafe,gleafe3h@disqus.com,Research and Development
127,Jimmy,Gunson,jgunson3i@telegraph.co.uk,Human Resources
128,Mendie,Jozwiak,mjozwiak3j@irs.gov,Training
129,Amandie,Gill,agill3k@mashable.com,Training
130,Cami,Coveney,ccoveney3l@imgur.com,Human Resources
131,Odelia,MacFaul,omacfaul3m@networkadvertising.org,Training
132,Bil,Kopisch,bkopisch3n@wix.com,Human Resources
133,Liuka,Lockyer,llockyer3o@topsy.com,Business Development
134,Barron,Boud,bboud3p@discuz.net,Legal
135,Kelwin,Furze,kfurze3q@squidoo.com,Accounting
136,Florida,Hourston,fhourston3r@nationalgeographic.com,Business Development
137,Nappy,Gronaver,ngronaver3s@alexa.com,Sales
138,Timmy,Gummer,tgummer3t@businessinsider.com,Marketing
139,Annabel,Hawes,ahawes3u@usda.gov,Human Resources
140,Keefer,Gaukroger,kgaukroger3v@google.es,Support
141,Edith,De-Ville,edeville3w@java.com,Research and Development
142,Jammie,Leiden,jleiden3x@indiegogo.com,Services
143,Paige,Breach,pbreach3y@moonfruit.com,Marketing
144,Fifine,Burchard,fburchard3z@people.com.cn,Support
145,Flossi,Dunstall,fdunstall40@goodreads.com,Sales
146,Tabby,Saltrese,tsaltrese41@macromedia.com,Legal
147,Turner,Niece,tniece42@cafepress.com,Legal
148,Dolores,Cridlon,dcridlon43@boston.com,Training
149,Raquela,Gariff,rgariff44@delicious.com,Services
150,Broddy,Petrak,bpetrak45@qq.com,Marketing
151,Billie,Whyke,bwhyke46@ucoz.com,Human Resources
152,Viv,Berston,vberston47@goo.ne.jp,Services
153,Llewellyn,Strudwick,lstrudwick48@github.com,Support
154,Lenette,Clackson,lclackson49@scribd.com,Engineering
155,Nicky,De Angelo,ndeangelo4a@arstechnica.com,Training
156,Lishe,Blewmen,lblewmen4b@washingtonpost.com,Marketing
157,Zonda,Meni,zmeni4c@woothemes.com,Product Management
158,Valma,Alsina,valsina4d@ifeng.com,Product Management
159,Kiley,Schwier,kschwier4e@imdb.com,Research and Development
160,Dorothee,Hegel,dhegel4f@patch.com,Training
161,Eloise,Northen,enorthen4g@chicagotribune.com,Sales
162,Louise,Tann,ltann4h@biglobe.ne.jp,Marketing
163,Skipper,Wince,swince4i@sina.com.cn,Support
164,Devonne,Benting,dbenting4j@illinois.edu,Sales
165,Karlie,Brachell,kbrachell4k@google.com.au,Engineering
166,Renard,Cordaroy,rcordaroy4l@senate.gov,Engineering
167,Scarface,Mansford,smansford4m@usatoday.com,Support
168,Jo,Lyes,jlyes4n@reddit.com,Training
169,Ashlen,Leverington,aleverington4o@issuu.com,Sales
170,Irv,Doddridge,idoddridge4p@cbc.ca,Marketing
171,Maurita,Beldum,mbeldum4q@dion.ne.jp,Business Development
172,Tilda,Latek,tlatek4r@spiegel.de,Legal
173,Bartholomeo,Masi,bmasi4s@wordpress.org,Engineering
174,Katleen,Bickardike,kbickardike4t@w3.org,Engineering
175,Roosevelt,Letteresse,rletteresse4u@phpbb.com,Business Development
176,Tedie,Belshaw,tbelshaw4v@is.gd,Business Development
177,Drusilla,Raymen,draymen4w@cnet.com,Engineering
178,Elli,Renard,erenard4x@mit.edu,Legal
179,Trstram,Brosch,tbrosch4y@domainmarket.com,Accounting
180,Jamill,Eastridge,jeastridge4z@odnoklassniki.ru,Engineering
181,Cyndie,Allsep,callsep50@house.gov,Engineering
182,Steve,Bjorkan,sbjorkan51@imdb.com,Support
183,Ivy,Bedlington,ibedlington52@geocities.com,Services
184,Janeva,Rushforth,jrushforth53@mit.edu,Accounting
185,Giuditta,McCutheon,gmccutheon54@unblog.fr,Marketing
186,Anallese,Parks,aparks55@wix.com,Legal
187,Bennie,Howells,bhowells56@webmd.com,Legal
188,Odell,Kennermann,okennermann57@narod.ru,Business Development
189,Farrel,Adlam,fadlam58@canalblog.com,Human Resources
190,Wade,Cutmore,wcutmore59@nsw.gov.au,Human Resources
191,Joell,Erik,jerik5a@indiegogo.com,Support
192,Brigham,Seifert,bseifert5b@topsy.com,Human Resources
193,Merrili,Knipe,mknipe5c@indiatimes.com,Human Resources
194,Isidore,Grimmolby,igrimmolby5d@weebly.com,Support
195,Benedikta,Forstall,bforstall5e@g.co,Marketing
196,Morley,Leverich,mleverich5f@drupal.org,Legal
197,Arthur,Malarkey,amalarkey5g@tiny.cc,Business Development
198,Fay,Trett,ftrett5h@si.edu,Legal
199,Anica,Rodell,arodell5i@hhs.gov,Business Development
200,Theo,Minichillo,tminichillo5j@reuters.com,Training
201,Kirstin,Bulcroft,kbulcroft5k@cocolog-nifty.com,Legal
202,Rikki,Loxley,rloxley5l@dot.gov,Marketing
203,Merrill,Tidder,mtidder5m@netlog.com,Accounting
204,Clemence,Scough,cscough5n@hibu.com,Research and Development
205,Norina,Cluelow,ncluelow5o@wix.com,Services
206,Dacey,Sheivels,dsheivels5p@feedburner.com,Accounting
207,Maiga,McVicker,mmcvicker5q@spiegel.de,Sales
208,Caryn,Bernier,cbernier5r@nymag.com,Sales
209,Lea,Sclanders,lsclanders5s@disqus.com,Engineering
210,Ezmeralda,Leatham,eleatham5t@wix.com,Marketing
211,Chrysler,Mateescu,cmateescu5u@jimdo.com,Business Development
212,Marcel,Ismail,mismail5v@acquirethisname.com,Legal
213,Urson,Spofford,uspofford5w@myspace.com,Sales
214,Chery,Bolver,cbolver5x@bbc.co.uk,Sales
215,Trixi,Armytage,tarmytage5y@gnu.org,Training
216,Valdemar,McBrearty,vmcbrearty5z@umich.edu,Legal
217,Merv,Rathe,mrathe60@domainmarket.com,Engineering
218,Alejandra,Egel,aegel61@ocn.ne.jp,Accounting
219,Liuka,Lisciardelli,llisciardelli62@patch.com,Support
220,Maje,Gohier,mgohier63@pagesperso-orange.fr,Business Development
221,Jacintha,Gages,jgages64@youku.com,Product Management
222,Angel,Schiementz,aschiementz65@npr.org,Legal
223,Huberto,Edgeson,hedgeson66@buzzfeed.com,Research and Development
224,Rafaela,Stubley,rstubley67@huffingtonpost.com,Services
225,Francklyn,McMeeking,fmcmeeking68@storify.com,Engineering
226,Charlene,Valek,cvalek69@google.es,Legal
227,Dmitri,Pie,dpie6a@1688.com,Product Management
228,Haslett,Myers,hmyers6b@addtoany.com,Human Resources
229,Cindie,Bowich,cbowich6c@dedecms.com,Human Resources
230,Eolanda,Clothier,eclothier6d@cornell.edu,Accounting
231,Lira,Roast,lroast6e@japanpost.jp,Engineering
232,Wendie,Haill,whaill6f@timesonline.co.uk,Engineering
233,Shelby,Millyard,smillyard6g@joomla.org,Product Management
234,Fiann,Pinchin,fpinchin6h@homestead.com,Services
235,Beverlee,Coveney,bcoveney6i@noaa.gov,Training
236,Lonnie,Radenhurst,lradenhurst6j@github.com,Sales
237,Anne-corinne,Blaik,ablaik6k@rediff.com,Sales
238,Aliza,Sauniere,asauniere6l@cmu.edu,Product Management
239,Giacobo,Silverthorne,gsilverthorne6m@g.co,Marketing
240,Kenny,Brothwell,kbrothwell6n@dailymail.co.uk,Legal
241,Julio,MacCole,jmaccole6o@reddit.com,Engineering
242,Tamarah,Hartrick,thartrick6p@kickstarter.com,Support
243,Ariel,Dobie,adobie6q@storify.com,Sales
244,Ailey,Starbucke,astarbucke6r@seesaa.net,Sales
245,Huntlee,Forkan,hforkan6s@imageshack.us,Research and Development
246,Maxwell,Glenwright,mglenwright6t@linkedin.com,Legal
247,Lanette,Gynni,lgynni6u@sina.com.cn,Support
248,Ivy,McCobb,imccobb6v@live.com,Human Resources
249,Binnie,Mapledorum,bmapledorum6w@deliciousdays.com,Accounting
250,Annemarie,Lusty,alusty6x@bloomberg.com,Marketing
251,Ave,Sans,asans6y@dailymotion.com,Engineering
252,Margit,Soppeth,msoppeth6z@ucoz.com,Legal
253,Maureen,Diment,mdiment70@china.com.cn,Business Development
254,Harper,Kitto,hkitto71@goodreads.com,Human Resources
255,Malcolm,McTiernan,mmctiernan72@dedecms.com,Services
256,Rachelle,Fordyce,rfordyce73@china.com.cn,Research and Development
257,Darrick,MacGiolla Pheadair,dmacgiollapheadair74@wsj.com,Accounting
258,Lorrin,Strelitzki,lstrelitzki75@cocolog-nifty.com,Training
259,Jessika,Alwen,jalwen76@deviantart.com,Services
260,Gustie,Janse,gjanse77@wikispaces.com,Research and Development
261,Tamiko,Imlen,timlen78@gov.uk,Training
262,Mady,Van der Mark,mvandermark79@ebay.co.uk,Engineering
263,Arnie,Gorbell,agorbell7a@berkeley.edu,Legal
264,Melosa,Dahlberg,mdahlberg7b@chicagotribune.com,Accounting
265,Sapphira,Tomasello,stomasello7c@bing.com,Business Development
266,Salli,Billison,sbillison7d@addtoany.com,Business Development
267,Roxie,Szwarc,rszwarc7e@spiegel.de,Human Resources
268,Melessa,Laviss,mlaviss7f@taobao.com,Research and Development
269,De witt,Pavitt,dpavitt7g@umn.edu,Marketing
270,Terrence,Blasius,tblasius7h@marriott.com,Engineering
271,Bili,Houdhury,bhoudhury7i@drupal.org,Human Resources
272,Johnna,Courtese,jcourtese7j@digg.com,Research and Development
273,Garek,Jans,gjans7k@deviantart.com,Product Management
274,Peter,Antowski,pantowski7l@columbia.edu,Sales
275,Thorn,Faragan,tfaragan7m@upenn.edu,Training
276,Anthia,Mossman,amossman7n@tiny.cc,Research and Development
277,Ivie,Beaudry,ibeaudry7o@arstechnica.com,Services
278,Kip,Baldung,kbaldung7p@webnode.com,Marketing
279,Julieta,Kighly,jkighly7q@pbs.org,Training
280,Noel,Harbidge,nharbidge7r@topsy.com,Services
281,Tessie,Kollas,tkollas7s@discovery.com,Product Management
282,Randolph,Grichukhin,rgrichukhin7t@ca.gov,Product Management
283,Sharai,Chotty,schotty7u@slideshare.net,Marketing
284,Shaine,Dundendale,sdundendale7v@blogspot.com,Services
285,Weston,Mault,wmault7w@kickstarter.com,Marketing
286,Reynold,Mannin,rmannin7x@list-manage.com,Training
287,Cobbie,Dust,cdust7y@hugedomains.com,Engineering
288,Blayne,Fenech,bfenech7z@nps.gov,Research and Development
289,Francine,Jamblin,fjamblin80@vk.com,Sales
290,Querida,Ruddiman,qruddiman81@un.org,Marketing
291,Belinda,Rappoport,brappoport82@acquirethisname.com,Accounting
292,Oliy,Evequot,oevequot83@homestead.com,Services
293,Ailis,Mattys,amattys84@upenn.edu,Training
294,Butch,Cosser,bcosser85@dell.com,Business Development
295,Zorah,Tuxwell,ztuxwell86@adobe.com,Support
296,Griselda,Harris,gharris87@berkeley.edu,Sales
297,Bonnibelle,Bealing,bbealing88@bloglines.com,Sales
298,Isabel,Piborn,ipiborn89@blogger.com,Research and Development
299,Tamara,D'Errico,tderrico8a@newsvine.com,Legal
300,Isis,Arran,iarran8b@vkontakte.ru,Training
301,Tait,Sneesby,tsneesby8c@slashdot.org,Support
302,Babs,Chawner,bchawner8d@reverbnation.com,Training
303,Karim,Vannuccinii,kvannuccinii8e@google.fr,Business Development
304,Sherry,Depper,sdepper8f@hibu.com,Legal
305,Colly,Frantzen,cfrantzen8g@csmonitor.com,Product Management
306,Inglis,Nason,inason8h@multiply.com,Support
307,Ariel,Hartnup,ahartnup8i@technorati.com,Training
308,Conrado,Gleadle,cgleadle8j@foxnews.com,Training
309,Roobbie,Royste,rroyste8k@yelp.com,Marketing
310,Udell,Essery,uessery8l@etsy.com,Sales
311,Sean,Lepard,slepard8m@digg.com,Training
312,Tabatha,Kippin,tkippin8n@rediff.com,Engineering
313,Devinne,Tather,dtather8o@earthlink.net,Marketing
314,Carie,Sands,csands8p@bluehost.com,Support
315,Dalton,Eakins,deakins8q@last.fm,Services
316,Mitzi,Frankiewicz,mfrankiewicz8r@t.co,Product Management
317,Dexter,Zelley,dzelley8s@ed.gov,Human Resources
318,Bradley,Cattermull,bcattermull8t@jimdo.com,Product Management
319,Isadora,Kitchingman,ikitchingman8u@shop-pro.jp,Services
320,Leonidas,Thick,lthick8v@washingtonpost.com,Accounting
321,Hollie,Austick,haustick8w@tinypic.com,Support
322,Portie,McCorley,pmccorley8x@lulu.com,Business Development
323,Jacquelin,Nudd,jnudd8y@elpais.com,Engineering
324,Luise,Scurlock,lscurlock8z@google.fr,Training
325,Claudianus,Durtnal,cdurtnal90@digg.com,Product Management
326,Chiarra,Bragg,cbragg91@dion.ne.jp,Accounting
327,Cesaro,Stonary,cstonary92@china.com.cn,Accounting
328,Sax,Convery,sconvery93@tiny.cc,Accounting
329,Saudra,Fryett,sfryett94@joomla.org,Support
330,Reggie,Breeton,rbreeton95@xinhuanet.com,Human Resources
331,Gunilla,Carnihan,gcarnihan96@accuweather.com,Product Management
332,Cindie,Greenslade,cgreenslade97@ucsd.edu,Training
333,Sheppard,Avraam,savraam98@ibm.com,Support
334,Nance,Sapseed,nsapseed99@un.org,Accounting
335,Sanderson,Bickle,sbickle9a@intel.com,Product Management
336,Maybelle,Lamport,mlamport9b@zdnet.com,Product Management
337,Eyde,Assiter,eassiter9c@opera.com,Training
338,Mariquilla,Riddington,mriddington9d@merriam-webster.com,Business Development
339,Regan,Frear,rfrear9e@redcross.org,Business Development
340,Ainsley,Cassie,acassie9f@va.gov,Research and Development
341,Yurik,Schaffler,yschaffler9g@va.gov,Accounting
342,Padriac,Ellyatt,pellyatt9h@mail.ru,Research and Development
343,Edd,Littell,elittell9i@sakura.ne.jp,Accounting
344,Bernie,Dedmam,bdedmam9j@home.pl,Sales
345,Shandie,Twelvetree,stwelvetree9k@ocn.ne.jp,Training
346,Fayette,Josofovitz,fjosofovitz9l@techcrunch.com,Marketing
347,Davie,Fogel,dfogel9m@sogou.com,Legal
348,Corty,Gabbetis,cgabbetis9n@indiegogo.com,Business Development
349,Kane,Nicholson,knicholson9o@si.edu,Product Management
350,Faun,Halward,fhalward9p@twitpic.com,Engineering
351,Elnora,Dewis,edewis9q@go.com,Research and Development
352,Hyacinthie,Heintze,hheintze9r@bing.com,Training
353,Elspeth,Perico,eperico9s@intel.com,Engineering
354,Yul,Cardenosa,ycardenosa9t@geocities.jp,Business Development
355,Glen,Claisse,gclaisse9u@redcross.org,Research and Development
356,Denis,Pimbley,dpimbley9v@livejournal.com,Services
357,Leta,Collingham,lcollingham9w@mysql.com,Marketing
358,Sela,Pierson,spierson9x@barnesandnoble.com,Legal
359,Barry,Herity,bherity9y@cyberchimps.com,Sales
360,Willis,Discombe,wdiscombe9z@parallels.com,Sales
361,Finley,Broadfoot,fbroadfoota0@purevolume.com,Legal
362,Hilton,Leagas,hleagasa1@xinhuanet.com,Research and Development
363,Dede,Oke,dokea2@scientificamerican.com,Services
364,Hashim,Brotherhood,hbrotherhooda3@zdnet.com,Research and Development
365,Suzanne,Presslie,spressliea4@free.fr,Legal
366,Merci,Barbe,mbarbea5@google.com.au,Human Resources
367,Krysta,Chesswas,kchesswasa6@wisc.edu,Product Management
368,Marmaduke,Grewes,mgrewesa7@behance.net,Services
369,Felita,Schimke,fschimkea8@typepad.com,Research and Development
370,Camile,Dachey,cdacheya9@furl.net,Engineering
371,Martguerita,Shingler,mshingleraa@1688.com,Product Management
372,Sonny,Sporrij,ssporrijab@pbs.org,Business Development
373,Marillin,Soal,msoalac@networkadvertising.org,Support
374,Enid,Bythell,ebythellad@marketwatch.com,Human Resources
375,Jasper,Wallenger,jwallengerae@un.org,Sales
376,Engracia,Antognazzi,eantognazziaf@blogger.com,Support
377,Sarah,Jaume,sjaumeag@time.com,Accounting
378,Rhea,Chatterton,rchattertonah@about.me,Engineering
379,Marcela,Pinwell,mpinwellai@ucla.edu,Marketing
380,Reginauld,Buske,rbuskeaj@artisteer.com,Training
381,Elaine,Slayton,eslaytonak@bigcartel.com,Legal
382,Ursola,De la Yglesias,udelayglesiasal@sakura.ne.jp,Business Development
383,Dacia,Pull,dpullam@typepad.com,Accounting
384,Julianna,Boyfield,jboyfieldan@army.mil,Business Development
385,Briggs,Norgate,bnorgateao@washington.edu,Engineering
386,Ermentrude,Scarman,escarmanap@icio.us,Research and Development
387,Garth,Kingswoode,gkingswoodeaq@opensource.org,Business Development
388,Ruthanne,Edwin,redwinar@fastcompany.com,Sales
389,Ryann,Shurlock,rshurlockas@odnoklassniki.ru,Human Resources
390,Jaime,Whyler,jwhylerat@google.fr,Product Management
391,Harriet,Reach,hreachau@bloomberg.com,Services
392,Kira,Bjorkan,kbjorkanav@chron.com,Accounting
393,Bunny,Sushams,bsushamsaw@symantec.com,Support
394,Raddie,Gelsthorpe,rgelsthorpeax@google.ca,Sales
395,Shalne,Rowthorne,srowthorneay@geocities.jp,Marketing
396,Babb,Rraundl,brraundlaz@chron.com,Human Resources
397,Farrand,Eunson,feunsonb0@paypal.com,Sales
398,Dasi,Domonkos,ddomonkosb1@cbsnews.com,Marketing
399,Adelheid,Peebles,apeeblesb2@hugedomains.com,Services
400,Shannon,Paulo,spaulob3@usa.gov,Business Development
401,Gilbertine,Tuff,gtuffb4@over-blog.com,Accounting
402,Freddy,Adshed,fadshedb5@comsenz.com,Business Development
403,Alair,Dargavel,adargavelb6@ning.com,Product Management
404,Dorelle,Burd,dburdb7@nydailynews.com,Marketing
405,Tarra,Fishburn,tfishburnb8@smh.com.au,Legal
406,Rikki,Feavearyear,rfeavearyearb9@mozilla.com,Product Management
407,Laurella,Iceton,licetonba@webs.com,Services
408,Coretta,Pickerill,cpickerillbb@shareasale.com,Research and Development
409,Nikita,Chevins,nchevinsbc@amazon.com,Legal
410,Chloette,Geleman,cgelemanbd@ask.com,Marketing
411,Rona,Ablett,rablettbe@sohu.com,Accounting
412,Barde,Acklands,backlandsbf@hatena.ne.jp,Training
413,Cross,Renals,crenalsbg@accuweather.com,Engineering
414,Vita,Thurman,vthurmanbh@un.org,Sales
415,Clarice,Wallsam,cwallsambi@bluehost.com,Product Management
416,Jobyna,Hartless,jhartlessbj@chronoengine.com,Accounting
417,Tildie,De Maria,tdemariabk@dropbox.com,Sales
418,Christine,Nealy,cnealybl@weebly.com,Research and Development
419,Milicent,Robel,mrobelbm@pen.io,Product Management
420,Oberon,Kaming,okamingbn@washingtonpost.com,Human Resources
421,Jill,Frantz,jfrantzbo@slideshare.net,Marketing
422,Liv,Fountain,lfountainbp@jugem.jp,Support
423,Anthiathia,Gallico,agallicobq@artisteer.com,Research and Development
424,Bastien,MacElholm,bmacelholmbr@yandex.ru,Business Development
425,Winston,Witsey,wwitseybs@upenn.edu,Accounting
426,Jerrilee,Lassen,jlassenbt@youku.com,Legal
427,Glennie,Bernli,gbernlibu@yale.edu,Product Management
428,Pooh,Rau,praubv@rediff.com,Product Management
429,Magdaia,Dunstone,mdunstonebw@nba.com,Research and Development
430,Rockie,Lockett,rlockettbx@whitehouse.gov,Accounting
431,Vinny,Tue,vtueby@ihg.com,Marketing
432,Noak,Hardway,nhardwaybz@google.nl,Human Resources
433,Angil,Gabbott,agabbottc0@wordpress.org,Legal
434,Jehu,Pietruschka,jpietruschkac1@dailymotion.com,Marketing
435,Debby,Duran,dduranc2@nyu.edu,Marketing
436,Sanders,Pughsley,spughsleyc3@springer.com,Training
437,Bobette,Amthor,bamthorc4@vistaprint.com,Services
438,Amandy,Robben,arobbenc5@skyrock.com,Training
439,Janela,Finnimore,jfinnimorec6@state.tx.us,Sales
440,Ollie,Akerman,oakermanc7@simplemachines.org,Business Development
441,Terencio,Morgue,tmorguec8@ovh.net,Human Resources
442,Brnaby,Sumers,bsumersc9@fema.gov,Business Development
443,Jonis,Jermy,jjermyca@weebly.com,Engineering
444,Fan,Stoeckle,fstoecklecb@yelp.com,Legal
445,Carmella,Fawdrie,cfawdriecc@engadget.com,Research and Development
446,Blinnie,Braund,bbraundcd@google.cn,Training
447,Cirstoforo,Edess,cedessce@github.io,Sales
448,Dolf,Bullman,dbullmancf@princeton.edu,Sales
449,Enrika,Ganter,egantercg@nationalgeographic.com,Training
450,Peadar,Biggin,pbigginch@ameblo.jp,Business Development
451,Laurella,Bromwich,lbromwichci@de.vu,Sales
452,Tiphani,Tombs,ttombscj@utexas.edu,Accounting
453,Lorettalorna,Kayes,lkayesck@chron.com,Business Development
454,Mendel,Hilldrop,mhilldropcl@myspace.com,Sales
455,Davis,Gyrgorwicx,dgyrgorwicxcm@canalblog.com,Training
456,Cleavland,Fenton,cfentoncn@simplemachines.org,Accounting
457,Filide,Turtle,fturtleco@msu.edu,Engineering
458,Karee,Zavattari,kzavattaricp@soup.io,Training
459,Cherye,Northover,cnorthovercq@ovh.net,Human Resources
460,Tanney,Marrows,tmarrowscr@umich.edu,Sales
461,Erin,Rushbrook,erushbrookcs@hostgator.com,Product Management
462,Gisele,Curr,gcurrct@wiley.com,Business Development
463,Petey,LAbbet,plabbetcu@edublogs.org,Accounting
464,Bellina,Bottomer,bbottomercv@google.com.au,Services
465,Mauricio,Ure,murecw@1688.com,Human Resources
466,Tomkin,Caves,tcavescx@shutterfly.com,Services
467,Veda,Ringham,vringhamcy@washington.edu,Sales
468,Bertram,Batistelli,bbatistellicz@ihg.com,Training
469,Adamo,Goodhand,agoodhandd0@hexun.com,Engineering
470,Clim,Pietzner,cpietznerd1@xing.com,Legal
471,Zelda,Vardon,zvardond2@ycombinator.com,Training
472,Wilmar,Westwood,wwestwoodd3@4shared.com,Accounting
473,Jewelle,Konmann,jkonmannd4@paypal.com,Sales
474,Windy,Arlt,warltd5@oakley.com,Accounting
475,Melinde,Mechell,mmechelld6@1und1.de,Support
476,Ced,Durn,cdurnd7@tiny.cc,Business Development
477,Helenka,Balentyne,hbalentyned8@over-blog.com,Engineering
478,Odelinda,London,olondond9@wufoo.com,Accounting
479,Verna,Jezard,vjezardda@patch.com,Business Development
480,Olga,Odby,oodbydb@wikipedia.org,Business Development
481,Ches,Darrigone,cdarrigonedc@slashdot.org,Training
482,Micheline,Duckham,mduckhamdd@omniture.com,Research and Development
483,Haroun,Inchcomb,hinchcombde@cnbc.com,Human Resources
484,Forbes,Snoxall,fsnoxalldf@economist.com,Business Development
485,Powell,Grimmett,pgrimmettdg@uol.com.br,Sales
486,Krystle,Kitcat,kkitcatdh@so-net.ne.jp,Services
487,Jacklin,Tedorenko,jtedorenkodi@woothemes.com,Training
488,Isac,Revington,irevingtondj@exblog.jp,Human Resources
489,Romona,Thornley,rthornleydk@bbb.org,Product Management
490,Torrence,O'Conor,toconordl@indiatimes.com,Product Management
491,Ryun,Tummons,rtummonsdm@joomla.org,Research and Development
492,Torin,Haddinton,thaddintondn@vinaora.com,Support
493,Aristotle,Hedges,ahedgesdo@uol.com.br,Business Development
494,Bobette,McGow,bmcgowdp@shareasale.com,Research and Development
495,Minnaminnie,Spellesy,mspellesydq@yolasite.com,Engineering
496,Janek,Jurges,jjurgesdr@shareasale.com,Services
497,Bald,Norkett,bnorkettds@myspace.com,Sales
498,Hoyt,Jaqueminet,hjaqueminetdt@github.io,Training
499,Miguelita,Macken,mmackendu@google.pl,Business Development
500,Venus,Parade,vparadedv@google.de,Training
501,Farrell,Mulford,fmulforddw@discuz.net,Human Resources
502,Miran,Blunt,mbluntdx@nytimes.com,Legal
503,Libby,Piletic,lpileticdy@theguardian.com,Support
504,Tonia,Fehner,tfehnerdz@weibo.com,Services
505,Washington,Vink,wvinke0@networkadvertising.org,Legal
506,Dolph,Hierro,dhierroe1@java.com,Engineering
507,Agna,Winscum,awinscume2@odnoklassniki.ru,Business Development
508,Karil,Eykelbosch,keykelbosche3@gnu.org,Accounting
509,Filippa,Quarlis,fquarlise4@vimeo.com,Business Development
510,Mavis,Dearell,mdearelle5@census.gov,Product Management
511,Gibby,Dowgill,gdowgille6@delicious.com,Product Management
512,Rabi,Moretto,rmorettoe7@cafepress.com,Training
513,Kat,Kendle,kkendlee8@businessinsider.com,Research and Development
514,Kelly,Birtles,kbirtlese9@google.it,Legal
515,Timi,Pawlata,tpawlataea@npr.org,Research and Development
516,Roth,Wichard,rwichardeb@cam.ac.uk,Services
517,Derby,Reinisch,dreinischec@google.com,Human Resources
518,Babb,Blockwell,bblockwelled@ed.gov,Training
519,Nefen,Sowten,nsowtenee@prweb.com,Business Development
520,Krystalle,Jammet,kjammetef@com.com,Research and Development
521,Lionello,Lingard,llingardeg@ebay.com,Services
522,Nealon,Yanukhin,nyanukhineh@businessweek.com,Human Resources
523,Tove,Copper,tcopperei@google.es,Support
524,Justinian,Hukin,jhukinej@umn.edu,Engineering
525,Lock,Elfes,lelfesek@ed.gov,Legal
526,Amelia,Burghill,aburghillel@slashdot.org,Engineering
527,Basile,Rispen,brispenem@cisco.com,Support
528,Tine,Sissons,tsissonsen@free.fr,Product Management
529,Brod,Corten,bcorteneo@yale.edu,Business Development
530,Field,O'Noland,fonolandep@rediff.com,Research and Development
531,Alic,Stoppard,astoppardeq@purevolume.com,Human Resources
532,Vincenz,Cussen,vcussener@economist.com,Services
533,Ingaborg,Jee,ijeees@mediafire.com,Legal
534,Vale,Fluger,vflugeret@engadget.com,Support
535,Amelina,Knok,aknokeu@telegraph.co.uk,Accounting
536,Randie,Mabon,rmabonev@tripod.com,Accounting
537,Solomon,Grinyer,sgrinyerew@symantec.com,Marketing
538,Chan,Dewar,cdewarex@harvard.edu,Services
539,Shantee,Ducker,sduckerey@miibeian.gov.cn,Legal
540,Sebastian,Kensitt,skensittez@altervista.org,Training
541,Victor,McGuff,vmcgufff0@twitpic.com,Training
542,Pepito,MacGall,pmacgallf1@tamu.edu,Marketing
543,Ivy,Murdoch,imurdochf2@squidoo.com,Training
544,Kandy,Gillise,kgillisef3@cdc.gov,Human Resources
545,Muffin,Latek,mlatekf4@1688.com,Research and Development
546,Dinnie,Skittrall,dskittrallf5@goodreads.com,Human Resources
547,Sidonnie,Fell,sfellf6@skyrock.com,Engineering
548,Jodi,Loftin,jloftinf7@shareasale.com,Support
549,Nancey,Finlater,nfinlaterf8@telegraph.co.uk,Product Management
550,Crissy,Kubala,ckubalaf9@issuu.com,Research and Development
551,Emogene,Breacher,ebreacherfa@buzzfeed.com,Accounting
552,Aliza,Spurier,aspurierfb@feedburner.com,Services
553,Estell,Wycherley,ewycherleyfc@imdb.com,Engineering
554,Sherlock,Mucklestone,smucklestonefd@hubpages.com,Services
555,Solly,Mason,smasonfe@chronoengine.com,Sales
556,Dulcinea,Sibbit,dsibbitff@mozilla.org,Support
557,Bonita,Carnegie,bcarnegiefg@blogtalkradio.com,Product Management
558,Tammie,Jeffers,tjeffersfh@ebay.com,Product Management
559,Ekaterina,Elijah,eelijahfi@drupal.org,Support
560,Doreen,Repp,dreppfj@geocities.com,Legal
561,Alberik,Marflitt,amarflittfk@symantec.com,Accounting
562,Arlen,Wasielewicz,awasielewiczfl@seattletimes.com,Product Management
563,Marcus,Pidwell,mpidwellfm@cdbaby.com,Product Management
564,Anna-maria,Duchasteau,aduchasteaufn@photobucket.com,Human Resources
565,Mirilla,Janaud,mjanaudfo@amazonaws.com,Accounting
566,Clareta,Carillo,ccarillofp@cnn.com,Legal
567,Bear,Cosker,bcoskerfq@spotify.com,Sales
568,Padget,Champkin,pchampkinfr@cmu.edu,Support
569,Sarita,Chimes,schimesfs@stumbleupon.com,Business Development
570,Eada,Ribeiro,eribeiroft@people.com.cn,Business Development
571,Rebbecca,MacGuffog,rmacguffogfu@privacy.gov.au,Training
572,Clive,Barkley,cbarkleyfv@vk.com,Marketing
573,Cecil,Sapshed,csapshedfw@ucoz.com,Support
574,Petr,Meconi,pmeconifx@issuu.com,Human Resources
575,Modesty,Kellaway,mkellawayfy@oracle.com,Training
576,Humbert,Sitlington,hsitlingtonfz@google.cn,Engineering
577,Bernice,Tatum,btatumg0@cloudflare.com,Research and Development
578,Daven,Causnett,dcausnettg1@bloglines.com,Research and Development
579,Sosanna,Llewellin,sllewelling2@amazon.co.jp,Training
580,Jess,Riding,jridingg3@mapquest.com,Support
581,Alvan,Hanks,ahanksg4@latimes.com,Legal
582,Tamiko,Jonas,tjonasg5@canalblog.com,Product Management
583,Kym,McAndie,kmcandieg6@mediafire.com,Marketing
584,Julian,Cleaver,jcleaverg7@telegraph.co.uk,Support
585,Dominga,Ickeringill,dickeringillg8@cnn.com,Human Resources
586,Monique,Lawrenson,mlawrensong9@moonfruit.com,Research and Development
587,Munmro,Fulop,mfulopga@shop-pro.jp,Engineering
588,Frederich,Hutchins,fhutchinsgb@dagondesign.com,Human Resources
589,Seana,Brameld,sbrameldgc@topsy.com,Business Development
590,Garry,Hub,ghubgd@mit.edu,Engineering
591,Sher,Wipper,swipperge@cloudflare.com,Business Development
592,Norton,Toffts,ntofftsgf@photobucket.com,Support
593,Reynold,Phinnis,rphinnisgg@jimdo.com,Product Management
594,Hewet,Farnon,hfarnongh@goo.gl,Legal
595,Alwin,Dank,adankgi@nytimes.com,Engineering
596,Annie,Aulds,aauldsgj@latimes.com,Engineering
597,Dolley,Servant,dservantgk@apache.org,Product Management
598,Flss,Eames,feamesgl@taobao.com,Human Resources
599,Hannah,Janman,hjanmangm@tmall.com,Business Development
600,De,Manes,dmanesgn@etsy.com,Engineering
601,Leon,O'Kerin,lokeringo@amazon.com,Training
602,Stafford,Mohring,smohringgp@wordpress.com,Services
603,Sargent,Bootland,sbootlandgq@tripod.com,Product Management
604,Oneida,Mullarkey,omullarkeygr@umn.edu,Accounting
605,Meyer,Gensavage,mgensavagegs@businessweek.com,Legal
606,Tove,Damarell,tdamarellgt@abc.net.au,Legal
607,Jenny,Veness,jvenessgu@dailymotion.com,Legal
608,Duke,Bates,dbatesgv@livejournal.com,Research and Development
609,Hamnet,Pauleau,hpauleaugw@mayoclinic.com,Research and Development
610,Alexio,Hayman,ahaymangx@blog.com,Product Management
611,Piggy,Aubri,paubrigy@icio.us,Services
612,Natalina,Cathel,ncathelgz@si.edu,Marketing
613,Angelika,Kellett,akelletth0@jalbum.net,Research and Development
614,Teodor,Daymont,tdaymonth1@tuttocitta.it,Marketing
615,Joannes,Franzotto,jfranzottoh2@usgs.gov,Human Resources
616,Chloris,Larrington,clarringtonh3@miitbeian.gov.cn,Legal
617,Liz,D'Acth,ldacthh4@bizjournals.com,Sales
618,Gideon,Clarkson,gclarksonh5@wikipedia.org,Business Development
619,Tabby,Rook,trookh6@xrea.com,Engineering
620,Joscelin,Dacey,jdaceyh7@hostgator.com,Sales
621,Immanuel,Yair,iyairh8@wiley.com,Product Management
622,Pall,Seyfart,pseyfarth9@eventbrite.com,Training
623,Brok,Stebbings,bstebbingsha@tinyurl.com,Marketing
624,Roselle,Baselli,rbasellihb@hc360.com,Services
625,Bailey,Hanne,bhannehc@discovery.com,Marketing
626,Cal,Sarton,csartonhd@barnesandnoble.com,Services
627,Celene,Bagnold,cbagnoldhe@etsy.com,Research and Development
628,Catherina,Claige,cclaigehf@youtu.be,Business Development
629,Huntlee,Vedstra,hvedstrahg@hp.com,Legal
630,Reggie,Scotchford,rscotchfordhh@wikimedia.org,Business Development
631,Had,Dive,hdivehi@yahoo.co.jp,Support
632,Ralph,Wallage,rwallagehj@census.gov,Marketing
633,Laughton,Pollok,lpollokhk@prweb.com,Human Resources
634,Luciana,Alldread,lalldreadhl@shutterfly.com,Product Management
635,Adelice,Witts,awittshm@dedecms.com,Services
636,Ralph,Wileman,rwilemanhn@mac.com,Human Resources
637,Marmaduke,Hammor,mhammorho@gnu.org,Sales
638,Myca,Stallard,mstallardhp@deliciousdays.com,Services
639,Marika,Shipton,mshiptonhq@europa.eu,Business Development
640,Florie,Vonasek,fvonasekhr@quantcast.com,Engineering
641,Sherri,Blancowe,sblancowehs@mysql.com,Accounting
642,Eva,MacMenamy,emacmenamyht@hibu.com,Accounting
643,Cornie,Maliffe,cmaliffehu@epa.gov,Legal
644,Candace,Sawers,csawershv@zdnet.com,Legal
645,Risa,Joselin,rjoselinhw@sciencedaily.com,Human Resources
646,Michal,Tinniswood,mtinniswoodhx@businessinsider.com,Research and Development
647,Tim,Bezley,tbezleyhy@dagondesign.com,Marketing
648,Nathalia,St. Paul,nstpaulhz@booking.com,Sales
649,Bealle,Mariner,bmarineri0@netlog.com,Business Development
650,Emelen,Bogace,ebogacei1@skyrock.com,Research and Development
651,Brodie,Venton,bventoni2@google.co.uk,Services
652,Joyann,Biever,jbieveri3@uol.com.br,Support
653,Linn,Lawfull,llawfulli4@gmpg.org,Training
654,Shaylyn,Mc Trusty,smctrustyi5@imgur.com,Human Resources
655,Rafaelia,Stonuary,rstonuaryi6@bandcamp.com,Engineering
656,Karola,Cofax,kcofaxi7@vkontakte.ru,Sales
657,Robin,Edgecumbe,redgecumbei8@t-online.de,Human Resources
658,Jackelyn,Carradice,jcarradicei9@intel.com,Engineering
659,Sib,Rubenovic,srubenovicia@flickr.com,Business Development
660,Myer,Plessing,mplessingib@pcworld.com,Support
661,Tore,Isgate,tisgateic@ycombinator.com,Business Development
662,Beverley,Oleszczak,boleszczakid@youtube.com,Legal
663,Julee,Eadmead,jeadmeadie@is.gd,Accounting
664,Valle,Cardenoso,vcardenosoif@skype.com,Marketing
665,Norbert,Crighton,ncrightonig@typepad.com,Accounting
666,Skippie,Strafen,sstrafenih@is.gd,Sales
667,Zelma,Forsbey,zforsbeyii@bigcartel.com,Marketing
668,Meghann,Burnsell,mburnsellij@businesswire.com,Support
669,Sibella,Wogdon,swogdonik@bloglovin.com,Training
670,Reginald,Gehringer,rgehringeril@alibaba.com,Legal
671,Miguelita,Calderon,mcalderonim@statcounter.com,Business Development
672,Mozelle,Reah,mreahin@home.pl,Services
673,Jacky,Feben,jfebenio@vimeo.com,Support
674,Daveta,Moule,dmouleip@jalbum.net,Human Resources
675,Enid,Hazeup,ehazeupiq@aboutads.info,Marketing
676,Shoshanna,Tufts,stuftsir@over-blog.com,Services
677,Marcelia,Hamments,mhammentsis@51.la,Product Management
678,Brenda,Bruntje,bbruntjeit@ask.com,Human Resources
679,Magnum,Pizzey,mpizzeyiu@addthis.com,Services
680,Grantley,Hillyatt,ghillyattiv@apple.com,Marketing
681,Rozelle,Storek,rstorekiw@nba.com,Support
682,Nahum,Kensy,nkensyix@discuz.net,Accounting
683,Ninette,Tofanini,ntofaniniiy@home.pl,Training
684,Ailee,Cunah,acunahiz@ca.gov,Training
685,Clotilda,Scruby,cscrubyj0@bigcartel.com,Accounting
686,Raleigh,Coey,rcoeyj1@msn.com,Training
687,Cicily,Ulyatt,culyattj2@livejournal.com,Services
688,Tisha,Ivanichev,tivanichevj3@furl.net,Research and Development
689,Ara,Whitton,awhittonj4@bandcamp.com,Human Resources
690,Jule,Devericks,jdevericksj5@smugmug.com,Business Development
691,Tiebold,Conti,tcontij6@uiuc.edu,Sales
692,Blanca,Kippax,bkippaxj7@adobe.com,Legal
693,Felicdad,Pynn,fpynnj8@baidu.com,Research and Development
694,Lena,Overstreet,loverstreetj9@examiner.com,Product Management
695,Walker,Rubinsztein,wrubinszteinja@homestead.com,Product Management
696,Modestia,Peachment,mpeachmentjb@webs.com,Research and Development
697,Aldo,Lovelady,aloveladyjc@squidoo.com,Human Resources
698,Velvet,Pavlovic,vpavlovicjd@youtube.com,Services
699,Charlie,Pigeram,cpigeramje@dedecms.com,Training
700,Hanson,Barsam,hbarsamjf@g.co,Engineering
701,Bambie,Chetwin,bchetwinjg@cdbaby.com,Research and Development
702,Drud,Laimable,dlaimablejh@cafepress.com,Marketing
703,Elvin,Challoner,echallonerji@eventbrite.com,Services
704,Elset,Yanin,eyaninjj@shop-pro.jp,Sales
705,Tait,Vickers,tvickersjk@smh.com.au,Support
706,Brittan,Paradyce,bparadycejl@trellian.com,Marketing
707,Twila,Biddles,tbiddlesjm@earthlink.net,Legal
708,Barth,Kopec,bkopecjn@a8.net,Services
709,Fraser,Simyson,fsimysonjo@hp.com,Accounting
710,Sallyanne,Ridges,sridgesjp@bravesites.com,Marketing
711,Silvan,Rothwell,srothwelljq@huffingtonpost.com,Services
712,Basil,Youde,byoudejr@twitpic.com,Support
713,Colas,Bubear,cbubearjs@php.net,Support
714,Bernelle,Hoyland,bhoylandjt@squarespace.com,Marketing
715,Bartholomew,Pickup,bpickupju@ucoz.ru,Legal
716,Alejandrina,Robens,arobensjv@slashdot.org,Marketing
717,Pepita,Mangham,pmanghamjw@cargocollective.com,Accounting
718,Lavina,Guidera,lguiderajx@spiegel.de,Legal
719,Saleem,Sprosson,ssprossonjy@joomla.org,Accounting
720,Mary,Antrum,mantrumjz@statcounter.com,Accounting
721,Emiline,Woolhouse,ewoolhousek0@usnews.com,Legal
722,Bettine,Collumbine,bcollumbinek1@psu.edu,Research and Development
723,Fredelia,Casaro,fcasarok2@baidu.com,Accounting
724,Ronalda,Heimes,rheimesk3@infoseek.co.jp,Human Resources
725,Roxanna,Herion,rherionk4@yahoo.co.jp,Training
726,Corbie,Linturn,clinturnk5@amazon.co.uk,Support
727,Mattias,Geroldo,mgeroldok6@jugem.jp,Sales
728,Meaghan,Trimme,mtrimmek7@shareasale.com,Engineering
729,Fey,Nickolls,fnickollsk8@tripod.com,Support
730,Thornton,Muffen,tmuffenk9@ask.com,Human Resources
731,Adrianna,Mattacks,amattackska@addtoany.com,Legal
732,Even,Gatiss,egatisskb@narod.ru,Accounting
733,Janeen,Ludye,jludyekc@howstuffworks.com,Engineering
734,Sileas,Schirak,sschirakkd@dropbox.com,Services
735,Kippy,Cullen,kcullenke@oaic.gov.au,Accounting
736,Dotty,Hoggin,dhogginkf@telegraph.co.uk,Human Resources
737,Isidoro,Yurenev,iyurenevkg@cdc.gov,Services
738,Kellby,McBrier,kmcbrierkh@blogger.com,Engineering
739,Anderson,Crocetti,acrocettiki@elegantthemes.com,Marketing
740,Farlay,Curryer,fcurryerkj@g.co,Support
741,Perkin,Thorogood,pthorogoodkk@archive.org,Business Development
742,Brina,Georgius,bgeorgiuskl@feedburner.com,Business Development
743,Denis,Hambridge,dhambridgekm@blog.com,Engineering
744,Efrem,Ingray,eingraykn@spotify.com,Training
745,Mateo,Jeavons,mjeavonsko@wunderground.com,Legal
746,Meade,McKeaveney,mmckeaveneykp@rediff.com,Services
747,Carl,Cusack,ccusackkq@vimeo.com,Human Resources
748,Wallace,Phillpotts,wphillpottskr@pen.io,Sales
749,Dusty,Tyrrell,dtyrrellks@washingtonpost.com,Support
750,Zebedee,Hakewell,zhakewellkt@friendfeed.com,Sales
751,Licha,Simenel,lsimenelku@creativecommons.org,Accounting
752,Keely,Burgh,kburghkv@networksolutions.com,Accounting
753,Kass,Maddison,kmaddisonkw@ca.gov,Marketing
754,Loni,Vedyaev,lvedyaevkx@wiley.com,Human Resources
755,Codi,Barratt,cbarrattky@wisc.edu,Marketing
756,Min,St Leger,mstlegerkz@tumblr.com,Services
757,Deerdre,Krishtopaittis,dkrishtopaittisl0@xing.com,Human Resources
758,Creighton,Batterton,cbattertonl1@myspace.com,Human Resources
759,Margo,Brookwell,mbrookwelll2@wsj.com,Accounting
760,Shellysheldon,Erdely,serdelyl3@sfgate.com,Engineering
761,Carla,Dureden,cduredenl4@hhs.gov,Support
762,Patric,Brisard,pbrisardl5@si.edu,Business Development
763,Freida,Ganforth,fganforthl6@friendfeed.com,Business Development
764,Rodney,Yesenin,ryeseninl7@miibeian.gov.cn,Legal
765,Marylinda,Ricardo,mricardol8@cdc.gov,Human Resources
766,Leda,Sealey,lsealeyl9@elpais.com,Research and Development
767,Rhetta,Chisolm,rchisolmla@163.com,Services
768,Trix,Geater,tgeaterlb@apache.org,Support
769,Jasper,Figura,jfiguralc@hud.gov,Human Resources
770,Merla,Frankiss,mfrankissld@google.com.br,Support
771,Zaccaria,Huntingdon,zhuntingdonle@cbsnews.com,Marketing
772,Mahala,Harrad,mharradlf@cnet.com,Accounting
773,Emlynn,Ballister,eballisterlg@prweb.com,Services
774,Gery,Kobierzycki,gkobierzyckilh@tuttocitta.it,Human Resources
775,Roberto,Primo,rprimoli@rakuten.co.jp,Product Management
776,Clarita,Denham,cdenhamlj@g.co,Accounting
777,Ruthe,Belloch,rbellochlk@geocities.com,Training
778,Alexia,Hayne,ahaynell@hubpages.com,Sales
779,Elisha,Mac,emaclm@wsj.com,Human Resources
780,Morris,Rawlyns,mrawlynsln@tmall.com,Engineering
781,Boony,Halliberton,bhallibertonlo@desdev.cn,Engineering
782,Chastity,Meier,cmeierlp@china.com.cn,Engineering
783,Arlan,Zanini,azaninilq@nationalgeographic.com,Research and Development
784,Sherlocke,Vidgeon,svidgeonlr@eepurl.com,Support
785,Brendis,Nollet,bnolletls@webeden.co.uk,Product Management
786,Bing,Jackson,bjacksonlt@yahoo.com,Sales
787,Valencia,Geraldo,vgeraldolu@nasa.gov,Marketing
788,Joey,Littlejohn,jlittlejohnlv@free.fr,Sales
789,Tyson,Scrimshire,tscrimshirelw@cornell.edu,Product Management
790,Jackqueline,Lebell,jlebelllx@de.vu,Accounting
791,Alexis,Orr,aorrly@miitbeian.gov.cn,Legal
792,Carmina,Godsil,cgodsillz@bloomberg.com,Legal
793,Meg,Buddles,mbuddlesm0@moonfruit.com,Product Management
794,Shem,Gabbett,sgabbettm1@businesswire.com,Accounting
795,Hamid,Summerley,hsummerleym2@over-blog.com,Training
796,Homere,Frugier,hfrugierm3@rakuten.co.jp,Engineering
797,Olivero,Watterson,owattersonm4@so-net.ne.jp,Human Resources
798,Ellette,Witton,ewittonm5@yahoo.com,Research and Development
799,Gottfried,Pharo,gpharom6@boston.com,Accounting
800,Donni,Pantecost,dpantecostm7@psu.edu,Training
801,Nickolas,Wort,nwortm8@nature.com,Training
802,Lura,Iannuzzi,liannuzzim9@1und1.de,Services
803,Skell,Spare,ssparema@fastcompany.com,Accounting
804,Fitzgerald,Stolworthy,fstolworthymb@deviantart.com,Services
805,Amabelle,Castellucci,acastelluccimc@paginegialle.it,Research and Development
806,Tresa,Wingham,twinghammd@istockphoto.com,Training
807,Brooke,Pindell,bpindellme@tinyurl.com,Marketing
808,Marlo,Kencott,mkencottmf@netvibes.com,Product Management
809,Elwood,Newhouse,enewhousemg@stumbleupon.com,Accounting
810,Nisse,Soggee,nsoggeemh@ox.ac.uk,Accounting
811,Ricca,Atkins,ratkinsmi@purevolume.com,Training
812,Wendell,McJarrow,wmcjarrowmj@marriott.com,Product Management
813,Bell,Eade,beademk@hexun.com,Services
814,Gelya,Scranedge,gscranedgeml@google.it,Human Resources
815,Krishnah,Kamien,kkamienmm@studiopress.com,Legal
816,Rosene,Drache,rdrachemn@mayoclinic.com,Research and Development
817,Deina,Simnel,dsimnelmo@newsvine.com,Legal
818,Rance,Calloway,rcallowaymp@harvard.edu,Engineering
819,Ron,Addess,raddessmq@shareasale.com,Training
820,Marga,Domeney,mdomeneymr@drupal.org,Support
821,Daisi,Bruyntjes,dbruyntjesms@jalbum.net,Training
822,Linea,Jagielski,ljagielskimt@vkontakte.ru,Accounting
823,Mariana,Tippett,mtippettmu@joomla.org,Marketing
824,Lorne,MacManus,lmacmanusmv@economist.com,Engineering
825,Ernst,Bamford,ebamfordmw@google.com.hk,Services
826,Zedekiah,Finney,zfinneymx@disqus.com,Marketing
827,Philip,Benyan,pbenyanmy@google.nl,Support
828,Beverlee,Miere,bmieremz@wunderground.com,Marketing
829,Deeann,Ramel,drameln0@icq.com,Business Development
830,Rooney,Woolger,rwoolgern1@ycombinator.com,Sales
831,Suki,Lawee,slaween2@csmonitor.com,Business Development
832,Margalit,Ganderton,mgandertonn3@artisteer.com,Training
833,Salome,Duesberry,sduesberryn4@washington.edu,Product Management
834,Carolann,Polycote,cpolycoten5@forbes.com,Human Resources
835,Dora,Volage,dvolagen6@wikipedia.org,Services
836,Delphine,Sulman,dsulmann7@ustream.tv,Marketing
837,Madelon,Larkcum,mlarkcumn8@oakley.com,Training
838,Maryrose,Burg,mburgn9@4shared.com,Research and Development
839,Faustine,Burchnall,fburchnallna@smh.com.au,Training
840,Annabell,Hubatsch,ahubatschnb@cdc.gov,Research and Development
841,Merry,Claessens,mclaessensnc@icq.com,Support
842,Marilee,Jewson,mjewsonnd@hostgator.com,Services
843,Bar,Bickford,bbickfordne@etsy.com,Legal
844,Dulcea,Jewson,djewsonnf@walmart.com,Business Development
845,Moishe,Geindre,mgeindreng@examiner.com,Business Development
846,Debor,Murie,dmurienh@surveymonkey.com,Product Management
847,Jade,Wauchope,jwauchopeni@cbsnews.com,Services
848,Emmaline,Kilgour,ekilgournj@sina.com.cn,Marketing
849,Joshia,Kleinmintz,jkleinmintznk@goo.ne.jp,Human Resources
850,Sada,Kenn,skennnl@thetimes.co.uk,Sales
851,Mair,Buckmaster,mbuckmasternm@rambler.ru,Business Development
852,Mattie,Ballaam,mballaamnn@mlb.com,Marketing
853,Felicity,Blomfield,fblomfieldno@studiopress.com,Training
854,Frederick,Graal,fgraalnp@freewebs.com,Support
855,Christiana,Greendale,cgreendalenq@unblog.fr,Accounting
856,Marcela,Wadie,mwadienr@slideshare.net,Legal
857,Ciro,Cristofalo,ccristofalons@guardian.co.uk,Engineering
858,Slade,Ellingham,sellinghamnt@marriott.com,Sales
859,Aryn,Fontin,afontinnu@baidu.com,Engineering
860,Stafford,Edwardes,sedwardesnv@discovery.com,Services
861,Georgia,Hawes,ghawesnw@about.me,Business Development
862,Mahalia,Tankus,mtankusnx@cnet.com,Support
863,Jud,Leaming,jleamingny@facebook.com,Sales
864,Fran,Tinmouth,ftinmouthnz@ebay.com,Accounting
865,Joice,Orrey,jorreyo0@altervista.org,Services
866,Cathie,Stanton,cstantono1@ucoz.ru,Research and Development
867,Emmet,Youthead,eyoutheado2@nba.com,Research and Development
868,Bambie,Sapwell,bsapwello3@auda.org.au,Research and Development
869,Kiley,Denisyev,kdenisyevo4@addthis.com,Services
870,Fonsie,Hilldrop,fhilldropo5@nymag.com,Training
871,Hoyt,Abyss,habysso6@ca.gov,Research and Development
872,Evelin,Sibbe,esibbeo7@gov.uk,Services
873,Cornelle,Housecraft,chousecrafto8@t-online.de,Legal
874,Helenka,Baccus,hbaccuso9@paypal.com,Human Resources
875,Arel,Kesteven,akestevenoa@imageshack.us,Accounting
876,Jan,MacScherie,jmacscherieob@eepurl.com,Human Resources
877,Tobit,Penelli,tpenellioc@gizmodo.com,Marketing
878,Ruby,Bernath,rbernathod@marketwatch.com,Sales
879,Lazaro,Harrowsmith,lharrowsmithoe@wikipedia.org,Services
880,Kellen,MacAndreis,kmacandreisof@rakuten.co.jp,Support
881,Vidovik,Boatright,vboatrightog@google.com.hk,Research and Development
882,Shell,Loalday,sloaldayoh@topsy.com,Training
883,Durward,Cutmere,dcutmereoi@sun.com,Services
884,Serene,Kausche,skauscheoj@fda.gov,Services
885,Mycah,Byrch,mbyrchok@exblog.jp,Services
886,Gratiana,McKenna,gmckennaol@ucsd.edu,Legal
887,Giusto,Barrington,gbarringtonom@cornell.edu,Human Resources
888,Derwin,Esby,desbyon@mlb.com,Human Resources
889,Ave,Garment,agarmentoo@canalblog.com,Marketing
890,Artemis,Netley,anetleyop@arizona.edu,Legal
891,Claudian,Mordaunt,cmordauntoq@cbc.ca,Services
892,Ketty,Panchen,kpanchenor@redcross.org,Product Management
893,Brig,Pairpoint,bpairpointos@google.de,Research and Development
894,Gipsy,Lowdyane,glowdyaneot@newsvine.com,Legal
895,Del,Lembcke,dlembckeou@slashdot.org,Training
896,Alonso,Bartolini,abartoliniov@phoca.cz,Support
897,Nolly,Babber,nbabberow@wp.com,Sales
898,Nona,Kobu,nkobuox@cnet.com,Research and Development
899,Steve,Shirrell,sshirrelloy@msn.com,Research and Development
900,Donna,Cockson,dcocksonoz@tmall.com,Product Management
901,Natal,Shenfisch,nshenfischp0@fastcompany.com,Human Resources
902,Norene,Lynde,nlyndep1@indiegogo.com,Services
903,Brana,Tarbath,btarbathp2@theatlantic.com,Sales
904,Laney,Casburn,lcasburnp3@twitpic.com,Accounting
905,Cissiee,Kidder,ckidderp4@ebay.com,Accounting
906,Alaric,Punt,apuntp5@amazon.co.jp,Engineering
907,Pattin,Barens,pbarensp6@ovh.net,Accounting
908,Ashbey,Jobbings,ajobbingsp7@google.co.uk,Human Resources
909,Niki,Boulding,nbouldingp8@xrea.com,Sales
910,Jessalin,Siddeley,jsiddeleyp9@dion.ne.jp,Human Resources
911,Isidora,Itzig,iitzigpa@usa.gov,Accounting
912,Shannen,Davley,sdavleypb@apache.org,Research and Development
913,Cathy,Baiden,cbaidenpc@plala.or.jp,Product Management
914,Berthe,Charette,bcharettepd@imageshack.us,Product Management
915,Liz,Batters,lbatterspe@reference.com,Services
916,Carmencita,Devaney,cdevaneypf@tripadvisor.com,Engineering
917,Ignacio,Moxom,imoxompg@goo.gl,Legal
918,Kandace,Stocker,kstockerph@tamu.edu,Marketing
919,Alyssa,Chitson,achitsonpi@dailymail.co.uk,Research and Development
920,Claudelle,Form,cformpj@state.tx.us,Training
921,Judith,Alliston,jallistonpk@washingtonpost.com,Product Management
922,Ad,Niesing,aniesingpl@wisc.edu,Product Management
923,Frederich,Davidovich,fdavidovichpm@webeden.co.uk,Marketing
924,Enoch,Linsey,elinseypn@mlb.com,Business Development
925,Sarene,Sycamore,ssycamorepo@telegraph.co.uk,Legal
926,Wade,Whitehorne,wwhitehornepp@github.io,Product Management
927,Remington,Nipper,rnipperpq@auda.org.au,Training
928,Guthry,Precious,gpreciouspr@dropbox.com,Training
929,Angelico,Tallach,atallachps@ebay.com,Sales
930,Lacie,Magrannell,lmagrannellpt@prnewswire.com,Human Resources
931,Carrissa,Dickenson,cdickensonpu@statcounter.com,Legal
932,Randall,McAloren,rmcalorenpv@google.fr,Research and Development
933,Ericka,Catto,ecattopw@drupal.org,Business Development
934,Angy,Stolze,astolzepx@posterous.com,Services
935,Vernon,Glasscoo,vglasscoopy@google.com,Business Development
936,Gaspard,Gouldeby,ggouldebypz@cargocollective.com,Research and Development
937,Bidget,Bruneton,bbrunetonq0@huffingtonpost.com,Accounting
938,Hinze,Lumbly,hlumblyq1@feedburner.com,Legal
939,Amby,Kinmond,akinmondq2@patch.com,Product Management
940,Carlin,Rosberg,crosbergq3@cafepress.com,Sales
941,Elia,Livezley,elivezleyq4@archive.org,Human Resources
942,Stephan,Scutchings,sscutchingsq5@thetimes.co.uk,Support
943,Yolane,Bohden,ybohdenq6@tripadvisor.com,Legal
944,Ronnie,Scrigmour,rscrigmourq7@4shared.com,Research and Development
945,Tessa,Sayers,tsayersq8@ovh.net,Training
946,Sarah,Edler,sedlerq9@jimdo.com,Product Management
947,Carlin,Dusting,cdustingqa@hibu.com,Research and Development
948,Cynde,Gaynesford,cgaynesfordqb@walmart.com,Product Management
949,Pepe,McCurry,pmccurryqc@1688.com,Legal
950,Brittaney,Mehaffey,bmehaffeyqd@prlog.org,Human Resources
951,Jen,Bottomore,jbottomoreqe@economist.com,Accounting
952,Kitty,Donner,kdonnerqf@dell.com,Services
953,Lexine,De Fraine,ldefraineqg@hexun.com,Training
954,Jedidiah,Linklet,jlinkletqh@blogs.com,Engineering
955,Holly,Fosberry,hfosberryqi@networkadvertising.org,Marketing
956,Caspar,Gonsalo,cgonsaloqj@tiny.cc,Sales
957,Livvie,Keggins,lkegginsqk@discuz.net,Accounting
958,Philippe,Mauvin,pmauvinql@cnbc.com,Marketing
959,Rebekkah,Bendson,rbendsonqm@ucsd.edu,Engineering
960,Gannie,Tomlins,gtomlinsqn@soup.io,Product Management
961,Caria,Lis,clisqo@imdb.com,Business Development
962,Josefa,Borg,jborgqp@wunderground.com,Training
963,Syd,Shier,sshierqq@answers.com,Research and Development
964,Berthe,Korpal,bkorpalqr@sphinn.com,Research and Development
965,Kailey,Potell,kpotellqs@ycombinator.com,Sales
966,Bernadette,Camps,bcampsqt@macromedia.com,Business Development
967,Thomasine,Mose,tmosequ@prlog.org,Sales
968,Shelbi,Dickinson,sdickinsonqv@slashdot.org,Services
969,Dallas,Esch,deschqw@howstuffworks.com,Legal
970,Britt,Stockdale,bstockdaleqx@is.gd,Marketing
971,Lowe,Boyet,lboyetqy@weebly.com,Accounting
972,Chery,Barbrook,cbarbrookqz@webeden.co.uk,Sales
973,Di,Andrioli,dandriolir0@bing.com,Product Management
974,Mathias,Churchlow,mchurchlowr1@yahoo.co.jp,Business Development
975,Jard,Hardan,jhardanr2@google.ru,Training
976,Maurine,Caldecourt,mcaldecourtr3@mozilla.com,Human Resources
977,Glory,King,gkingr4@salon.com,Services
978,Clywd,Berkley,cberkleyr5@examiner.com,Research and Development
979,Gabriele,Reddings,greddingsr6@economist.com,Product Management
980,Debra,Farmer,dfarmerr7@bbc.co.uk,Support
981,Lanni,Oliphand,loliphandr8@quantcast.com,Sales
982,Basil,Tattoo,btattoor9@cargocollective.com,Accounting
983,Dolf,Hardwicke,dhardwickera@archive.org,Sales
984,Kristian,Thistleton,kthistletonrb@sakura.ne.jp,Support
985,Martguerita,Murkus,mmurkusrc@guardian.co.uk,Services
986,Jamal,Hurst,jhurstrd@theatlantic.com,Services
987,Mildrid,Muscroft,mmuscroftre@miitbeian.gov.cn,Accounting
988,Morris,Bromby,mbrombyrf@bbb.org,Product Management
989,Dru,Matthewson,dmatthewsonrg@google.pl,Human Resources
990,Sorcha,Shimoni,sshimonirh@engadget.com,Accounting
991,Allix,Dullard,adullardri@so-net.ne.jp,Engineering
992,Hamilton,Austwick,haustwickrj@people.com.cn,Services
993,Giulietta,Plascott,gplascottrk@ucoz.com,Engineering
994,Rickie,Spadoni,rspadonirl@google.ca,Accounting
995,Say,Ferrige,sferrigerm@uiuc.edu,Human Resources
996,Gina,Durban,gdurbanrn@live.com,Legal
997,Prinz,Tomaskunas,ptomaskunasro@umn.edu,Engineering
998,Lock,Dougill,ldougillrp@blogtalkradio.com,Marketing
999,Gerek,Randal,grandalrq@samsung.com,Services
1000,Taber,Bleasdille,tbleasdillerr@tripadvisor.com,Support
