first_name,last_name,phone,email
Eachelle,Urling,866-788-5069,eurling0@scientificamerican.com
Hollie,Hotton,327-812-5217,hhotton1@vimeo.com
Una,Tithecote,555-338-1654,utithecote2@ca.gov
Morie,Lohoar,645-687-6223,mlohoar3@parallels.com
Padraig,Boseley,627-863-3262,pboseley4@joomla.org
Buffy,Gjerde,277-887-0560,bgjerde5@qq.com
Anna-diane,Champneys,919-628-2129,achampneys6@ebay.co.uk
Colly,De la Yglesia,259-235-8001,cdelayglesia7@flickr.com
Caryn,Litherland,134-286-4309,clitherland8@ask.com
Annalee,Archbutt,988-181-0722,aarchbutt9@bing.com
